/*
Navicat MySQL Data Transfer

Source Server         : localhost_3306
Source Server Version : 50157
Source Host           : localhost:3306
Source Database       : sundance

Target Server Type    : MYSQL
Target Server Version : 50157
File Encoding         : 65001

Date: 2018-03-17 01:42:31
*/

SET FOREIGN_KEY_CHECKS=0;

-- ----------------------------
-- Table structure for `admin`
-- ----------------------------
DROP TABLE IF EXISTS `admin`;
CREATE TABLE `admin` (
  `id` int(11) NOT NULL AUTO_INCREMENT,
  `name` varchar(30) NOT NULL,
  `passwd` varchar(30) NOT NULL,
  `grade` varchar(30) NOT NULL,
  PRIMARY KEY (`id`)
) ENGINE=InnoDB AUTO_INCREMENT=17 DEFAULT CHARSET=gbk;

-- ----------------------------
-- Records of admin
-- ----------------------------
INSERT INTO `admin` VALUES ('1', 'root', 'root', '超级管理员');
INSERT INTO `admin` VALUES ('6', 'admin', 'admin', '超级管理员');
INSERT INTO `admin` VALUES ('8', 'pingping', 'pingping', '普通管理员');
INSERT INTO `admin` VALUES ('12', 'juncheng', '123456', '普通管理员');
INSERT INTO `admin` VALUES ('16', 'yuping', 'yuping', '普通管理员');

-- ----------------------------
-- Table structure for `cancelorder`
-- ----------------------------
DROP TABLE IF EXISTS `cancelorder`;
CREATE TABLE `cancelorder` (
  `orderid` int(11) NOT NULL,
  `cancelreason` varchar(255) NOT NULL,
  `canceltime` datetime NOT NULL,
  `tradestate` varchar(30) NOT NULL,
  PRIMARY KEY (`orderid`)
) ENGINE=InnoDB DEFAULT CHARSET=gbk;

-- ----------------------------
-- Records of cancelorder
-- ----------------------------
INSERT INTO `cancelorder` VALUES ('6', '不买了', '2018-03-19 09:31:06', '交易关闭');
INSERT INTO `cancelorder` VALUES ('30', '不买了，下次再说', '2018-03-19 09:31:06', '交易关闭');
INSERT INTO `cancelorder` VALUES ('48', '不买了', '2018-03-19 09:31:06', '交易关闭');

-- ----------------------------
-- Table structure for `comment`
-- ----------------------------
DROP TABLE IF EXISTS `comment`;
CREATE TABLE `comment` (
  `orderid` int(11) NOT NULL,
  `username` varchar(30) NOT NULL,
  `usercomment` varchar(255) NOT NULL,
  `commenttime` datetime NOT NULL,
  `admincomment` varchar(255) DEFAULT NULL,
  `flowerid` int(11) NOT NULL,
  KEY `comment_fk` (`orderid`),
  CONSTRAINT `comment_fk` FOREIGN KEY (`orderid`) REFERENCES `orders` (`id`)
) ENGINE=InnoDB DEFAULT CHARSET=gbk;

-- ----------------------------
-- Records of comment
-- ----------------------------
INSERT INTO `comment` VALUES ('10', 'gaochengjun', '这种花挺好的，价格也合理！', '2018-03-19 09:31:06', '我们的花卉确实好，欢迎下次购买!', '7');
INSERT INTO `comment` VALUES ('7', 'gaochengjun', '花不错，服务也挺好!', '2018-03-19 09:31:06', null, '7');
INSERT INTO `comment` VALUES ('20', 'gaochengjun', '花不错，下次还来!', '2018-03-19 09:31:06', null, '14');
INSERT INTO `comment` VALUES ('21', 'gaochengjun', '花真心不错，值得推荐，下次还来!', '2018-03-19 09:31:06', 'very good!', '5');
INSERT INTO `comment` VALUES ('19', 'gaochengjun', '花的质量很好，下次还来!', '2018-03-19 09:31:06', null, '5');
INSERT INTO `comment` VALUES ('17', 'gaochengjun', '很喜欢这种花!', '2018-03-19 09:31:06', null, '14');
INSERT INTO `comment` VALUES ('18', 'gaochengjun', '花非常好，下次还来买!', '2018-03-19 09:31:06', null, '6');
INSERT INTO `comment` VALUES ('27', 'gaochengjun', '花和图片一样，非常好!', '2018-03-19 09:31:06', null, '5');
INSERT INTO `comment` VALUES ('40', 'gaochengjun', '花真心不错，送花的速度也很快，谢谢!', '2018-03-19 09:31:06', null, '4');
INSERT INTO `comment` VALUES ('57', 'hellokitty', '非常好的玫瑰。', '2018-03-19 09:31:06', null, '1');

-- ----------------------------
-- Table structure for `flower`
-- ----------------------------
DROP TABLE IF EXISTS `flower`;
CREATE TABLE `flower` (
  `flowerid` int(11) NOT NULL AUTO_INCREMENT,
  `flowername` varchar(100) NOT NULL,
  `flowerintro` varchar(500) NOT NULL,
  `flowerprice` double NOT NULL,
  `flowernum` int(11) NOT NULL,
  `photo` varchar(30) NOT NULL,
  `flowertype` varchar(30) NOT NULL,
  `marketprice` double NOT NULL,
  `startsale` int(11) NOT NULL,
  `flowerunit` varchar(10) NOT NULL,
  `flowerfield` varchar(30) NOT NULL DEFAULT '云南玉溪',
  PRIMARY KEY (`flowerid`)
) ENGINE=InnoDB AUTO_INCREMENT=18 DEFAULT CHARSET=gbk;

-- ----------------------------
-- Records of flower
-- ----------------------------
INSERT INTO `flower` VALUES ('1', '卡罗拉红玫瑰', '这是卡罗拉红玫瑰，产于云南玉溪', '25', '1990', 'rose1.jpg', '玫瑰', '28', '5', '扎', '云南玉溪');
INSERT INTO `flower` VALUES ('2', '白洋兰', '这是白洋兰，产于云南昆明', '14', '1800', 'byl.jpg', '兰花', '18', '2', '束', '云南昆明');
INSERT INTO `flower` VALUES ('3', '粉黛', '这是粉黛，产于云南昆明', '0.5', '4801', 'fd.jpg', '康乃馨', '1', '100', '棵', '云南昆明');
INSERT INTO `flower` VALUES ('4', '热带草原', '这是热带草原，产于云南玉溪', '0.8', '4000', 'rdcy.jpg', '非洲菊', '1', '100', '棵', '云南玉溪');
INSERT INTO `flower` VALUES ('5', '阳光海岸', '这是阳光海岸，产于云南玉溪', '0.8', '4000', 'ygha.jpg', '非洲菊', '1', '100', '棵', '云南玉溪');
INSERT INTO `flower` VALUES ('6', '罗宾娜', '这是罗宾娜，产于云南昆明', '86', '995', 'lbn.jpg', '百合', '88', '1', '束', '云南昆明');
INSERT INTO `flower` VALUES ('7', '黄天霸', '这是黄天霸，非常漂亮', '96', '1000', 'htb.jpg', '百合', '98', '1', '扎', '云南昆明');
INSERT INTO `flower` VALUES ('8', '召唤', '这是召唤，产于云南昆明', '26', '1000', 'zh.jpg', '玫瑰', '28', '1', '扎', '云南昆明');
INSERT INTO `flower` VALUES ('9', '影星', '这是影星，产于云南昆明', '18', '900', 'yx.jpg', '玫瑰', '20', '1', '扎', '云南昆明');
INSERT INTO `flower` VALUES ('10', '千代兰', '这是千代兰，产于云南昆明', '28', '900', 'qdl.jpg', '兰花', '30', '1', '束', '云南昆明');
INSERT INTO `flower` VALUES ('11', '白雪公主', '这是白雪公主，产于云南昆明', '0.6', '500', 'bxgz.jpg', '康乃馨', '0.8', '50', '棵', '云南昆明');
INSERT INTO `flower` VALUES ('12', '粉佳人', '这是粉佳人，产于云南昆明', '0.6', '600', 'fjr.jpg', '康乃馨', '0.8', '50', '棵', '云南昆明');
INSERT INTO `flower` VALUES ('13', '大雪桔', '这是大雪桔，产于云南玉溪', '1', '2000', 'dxj.jpg', '非洲菊', '1.2', '50', '棵', '云南玉溪');
INSERT INTO `flower` VALUES ('14', '西伯利亚', '这是西伯利亚，百合的一种', '35', '500', 'xbly.jpg', '百合', '39', '2', '扎', '云南玉溪');
INSERT INTO `flower` VALUES ('15', '香水百合', '这是香水百合，产于云南玉溪', '70', '500', 'xsbh.jpg', '百合', '73', '20', '束', '云南玉溪');
INSERT INTO `flower` VALUES ('16', '俏新娘', '这是俏新娘，很漂亮', '0.7', '3000', 'qxn.jpg', '康乃馨', '0.9', '100', '棵', '云南玉溪');
INSERT INTO `flower` VALUES ('17', '小百合', '清香百合，沁人心脾。', '98.5', '500', '20131004121609_228.jpg', '百合', '150.5', '5', '束', '云南昆明');

-- ----------------------------
-- Table structure for `flowerinfo`
-- ----------------------------
DROP TABLE IF EXISTS `flowerinfo`;
CREATE TABLE `flowerinfo` (
  `id` int(11) NOT NULL,
  `type` varchar(30) NOT NULL,
  `grade` varchar(30) NOT NULL,
  `color` varchar(30) NOT NULL,
  `useway` varchar(255) NOT NULL,
  `specification` varchar(50) NOT NULL,
  `usefestival` varchar(255) NOT NULL,
  KEY `flowerinfo_fk` (`id`),
  CONSTRAINT `flowerinfo_fk` FOREIGN KEY (`id`) REFERENCES `flower` (`flowerid`)
) ENGINE=InnoDB DEFAULT CHARSET=gbk;

-- ----------------------------
-- Records of flowerinfo
-- ----------------------------
INSERT INTO `flowerinfo` VALUES ('1', '切花', '一级', '红色系', '花束', '20支/扎', '元旦,春节,情人节,妇女节,母亲节,父情节,其他节日');
INSERT INTO `flowerinfo` VALUES ('2', '切花', '一级', '白色系', '花束', '10支/束', '元旦,春节,情人节,妇女节,母亲节,父情节,七夕节，中秋节，其他节日');
INSERT INTO `flowerinfo` VALUES ('3', '切花', '一级', '粉色系', '花束', '1棵', '元旦,春节,情人节,妇女节,母亲节,父情节,七夕节，中秋节，其他节日');
INSERT INTO `flowerinfo` VALUES ('4', '切花', '一级', '红色系', '花束', '1棵', '元旦,春节,情人节,妇女节,母亲节,父情节,七夕节，中秋节，其他节日');
INSERT INTO `flowerinfo` VALUES ('5', '切花', '一级', '黄色系', '花束', '1棵', '元旦,春节,情人节,妇女节,母亲节,父情节,七夕节，中秋节，其他节日');
INSERT INTO `flowerinfo` VALUES ('6', '切花', '一级', '红色系', '花束', '10支/束', '元旦,春节,情人节,妇女节,母亲节,父情节,七夕节，中秋节，其他节日');
INSERT INTO `flowerinfo` VALUES ('7', '切花', '一级', '黄色系', '花束', '10支/扎', '元旦,春节,情人节,妇女节,母亲节,父情节,七夕节，中秋节，其他节日');
INSERT INTO `flowerinfo` VALUES ('8', '切花', '一级', '粉色系', '花束', '20支/扎', '元旦,春节,情人节,妇女节,母亲节,父情节,七夕节，中秋节，其他节日');
INSERT INTO `flowerinfo` VALUES ('9', '切花', '一级', '粉色系', '花束', '20支/扎', '元旦,春节,情人节,妇女节,母亲节,父情节,七夕节，中秋节，其他节日');
INSERT INTO `flowerinfo` VALUES ('10', '切花', '一级', '黄色系', '花束', '10支/束', '元旦,春节,情人节,妇女节,母亲节,父情节,七夕节，中秋节，其他节日');
INSERT INTO `flowerinfo` VALUES ('11', '切花', '一级', '白色系', '花束', '1棵', '元旦,春节,情人节,妇女节,母亲节,父情节,七夕节，中秋节，其他节日');
INSERT INTO `flowerinfo` VALUES ('12', '切花', '一级', '粉色系', '花束', '1棵', '元旦,春节,情人节,妇女节,母亲节,父情节,七夕节，中秋节，其他节日');
INSERT INTO `flowerinfo` VALUES ('13', '切花', '一级', '红色系', '花束', '1棵', '元旦,春节,情人节,妇女节,母亲节,父情节,七夕节，中秋节，其他节日');
INSERT INTO `flowerinfo` VALUES ('14', '切花', '一级', '黄色系', '花束', '10支/扎', '元旦,春节,情人节,妇女节,母亲节,父情节,七夕节，中秋节，其他节日');
INSERT INTO `flowerinfo` VALUES ('15', '切花', '一级', '黄色系', '花束', '10支/扎', '元旦,春节,情人节,妇女节,母亲节,父情节,七夕节，中秋节，其他节日');
INSERT INTO `flowerinfo` VALUES ('16', '康乃馨', '一级', '红色系', '花束', '一棵', '元旦,春节,情人节,妇女节,母亲节,父情节,七夕节，中秋节，其他节日');

-- ----------------------------
-- Table structure for `flowerknowledge`
-- ----------------------------
DROP TABLE IF EXISTS `flowerknowledge`;
CREATE TABLE `flowerknowledge` (
  `id` int(11) NOT NULL AUTO_INCREMENT,
  `title` varchar(255) NOT NULL,
  `content` text NOT NULL,
  `publishtime` datetime DEFAULT NULL,
  `readtimes` int(11) NOT NULL DEFAULT '0',
  PRIMARY KEY (`id`)
) ENGINE=InnoDB AUTO_INCREMENT=30 DEFAULT CHARSET=gbk;

-- ----------------------------
-- Records of flowerknowledge
-- ----------------------------
INSERT INTO `flowerknowledge` VALUES ('1', '室内盆栽宜忌需知', '合理的善用花卉可以有效改变室内的风水，植物与风水学的结合是要充分发挥人与花卉相生之要素，达到人与花卉的和谐为了生财化煞，所以室内所摆放的花卉和位置也各有不同。比如客厅要讲究一些，可选择富贵竹，发财树，君子兰等，这些花卉在风水学中蕴含吉祥如意，聚财发福之意。而书房要充满书香气息，因此花卉就要放在主人的文昌位，可选用山竹花，文竹等，这些花卉可活跃人的思维力，有助于学习，当然，在书桌上也可以放盆叶草，菖蒲等植物，具有凝神通窍，防止睡眠的作用。当然，在五行八卦当中，将花卉摆在东方则代表着家庭健康，在五行中属木；摆放在东南方则代表着财富与成功，在五行中属木；摆放在南方则代表着声誉与学识，在五行中属火；摆放在北方则代表着拥有事业，在五行中属水。由于木属性会破坏中心，且与金属性相克，所以应避免将花卉摆放在西南，东北以及中间位置。当然，也要避免放在属金的方位，如西方与西北方摆设花时应谨慎选择其摆放的位置否则就不要使用。花卉不仅可以提升人生的八大欲求，还可以增加室内的氧气含量，提高湿度，保持室内平衡，调节能量，让室内充满一股香气以及美化视觉的效果。', '2018-03-19 09:31:06', '4');
INSERT INTO `flowerknowledge` VALUES ('2', '如何处理采摘后的鲜切花', '大家都知道，采摘后的处理对于鲜切花来说是一个非常重要的环节，如果鲜切花在采摘后未能得到及时的处理，那么其观赏价值和寿命将会受到非常大的影响。在这里，小编为大家介绍鲜切花在采摘后应当如何处理。适当的温度能让鲜切花减少灰霉病的发生。当植物表面过于湿润时，容易产生葡萄孢菌孢子，而且繁殖速度非常快；如果温度过高的花，会使得植物萌芽，所以鲜切花在采摘后应当保持适当的温度。在运输的过程中，应当确保卡车里已经包装好的花卉处于0到5度的温度条件；否则，较高的运输温度会增强植物的呼吸速率，从而减少切花的寿命，所以，必须在运输之前就要将其调至适当的温度在进行运输。切花的储藏温度也非常重要，及时相差适当的温度非常小，也有可能会导致切花的茎干弯曲、花朵过早开放或者凋零等。而且养殖者也要在采摘后对鲜切花用抗乙烯、抗黄、防止水分蒸发等产品进行正确处理，较高的温度会使切花产生更多的乙烯，从而加速花朵成熟。', '2018-03-19 09:31:06', '2');
INSERT INTO `flowerknowledge` VALUES ('4', '鲜切花的保鲜处理方法', '花卉在采收后需要经过多个环节才能在市场上进行销售，在这其间，为了使花卉保持最好的品质，常常就会对刚采摘的花卉进行保鲜。许多切花在经过保鲜处理后，会延长花期寿命，使花朵增大，花色变得更加漂亮，从而来提升花卉的品质。鲜切花要保鲜，那么保鲜剂中就少不了碳水化合物，因为它是切花的主要营养和能量的来源，它能维持切花在采摘后的生理和生化过程，再给切花供应糖源，能促进切花的水分吸收。当然保鲜剂中也少不了杀菌剂，为避免切花在离开母体后，伤口受到各类细菌的感染，影响切花吸水，使得切花加速衰老，可以适当的在保鲜剂中加入一些杀菌剂混合使用。实际上鲜花保鲜的主要成分是糖和杀菌剂，由于有些切花在采摘后会分泌出有害的物质，伤害自身茎叶和瓶中其他的花卉，因此，每隔一段时间，应注意给花瓶换新鲜的保鲜剂。', '2018-03-19 09:31:06', '2');
INSERT INTO `flowerknowledge` VALUES ('5', '室内盆栽宜忌需知', '合理的善用花卉可以有效改变室内的风水，植物与风水学的结合是要充分发挥人与花卉相生之要素，达到人与花卉的和谐为了生财化煞，所以室内所摆放的花卉和位置也各有不同。比如客厅要讲究一些，可选择富贵竹，发财树，君子兰等，这些花卉在风水学中蕴含吉祥如意，聚财发福之意。而书房要充满书香气息，因此花卉就要放在主人的文昌位，可选用山竹花，文竹等，这些花卉可活跃人的思维力，有助于学习，当然，在书桌上也可以放盆叶草，菖蒲等植物，具有凝神通窍，防止睡眠的作用。当然，在五行八卦当中，将花卉摆在东方则代表着家庭健康，在五行中属木；摆放在东南方则代表着财富与成功，在五行中属木；摆放在南方则代表着声誉与学识，在五行中属火；摆放在北方则代表着拥有事业，在五行中属水。由于木属性会破坏中心，且与金属性相克，所以应避免将花卉摆放在西南，东北以及中间位置。当然，也要避免放在属金的方位，如西方与西北方摆设花时应谨慎选择其摆放的位置否则就不要使用。花卉不仅可以提升人生的八大欲求，还可以增加室内的氧气含量，提高湿度，保持室内平衡，调节能量，让室内充满一股香气以及美化视觉的效果。', '2018-03-19 09:31:06', '0');
INSERT INTO `flowerknowledge` VALUES ('6', '如何处理采摘后的鲜切花', '大家都知道，采摘后的处理对于鲜切花来说是一个非常重要的环节，如果鲜切花在采摘后未能得到及时的处理，那么其观赏价值和寿命将会受到非常大的影响。在这里，小编为大家介绍鲜切花在采摘后应当如何处理。适当的温度能让鲜切花减少灰霉病的发生。当植物表面过于湿润时，容易产生葡萄孢菌孢子，而且繁殖速度非常快；如果温度过高的花，会使得植物萌芽，所以鲜切花在采摘后应当保持适当的温度。在运输的过程中，应当确保卡车里已经包装好的花卉处于0到5度的温度条件；否则，较高的运输温度会增强植物的呼吸速率，从而减少切花的寿命，所以，必须在运输之前就要将其调至适当的温度在进行运输。切花的储藏温度也非常重要，及时相差适当的温度非常小，也有可能会导致切花的茎干弯曲、花朵过早开放或者凋零等。而且养殖者也要在采摘后对鲜切花用抗乙烯、抗黄、防止水分蒸发等产品进行正确处理，较高的温度会使切花产生更多的乙烯，从而加速花朵成熟。', '2018-03-19 09:31:06', '0');
INSERT INTO `flowerknowledge` VALUES ('7', '鲜切花的保鲜处理方法', '花卉在采收后需要经过多个环节才能在市场上进行销售，在这其间，为了使花卉保持最好的品质，常常就会对刚采摘的花卉进行保鲜。许多切花在经过保鲜处理后，会延长花期寿命，使花朵增大，花色变得更加漂亮，从而来提升花卉的品质。', '2018-03-19 09:31:06', '0');
INSERT INTO `flowerknowledge` VALUES ('8', '如何处理采摘后的鲜切花', '大家都知道，采摘后的处理对于鲜切花来说是一个非常重要的环节，如果鲜切花在采摘后未能得到及时的处理，那么其观赏价值和寿命将会受到非常大的影响。在这里，小编为大家介绍鲜切花在采摘后应当如何处理。适当的温度能让鲜切花减少灰霉病的发生。当植物表面过于湿润时，容易产生葡萄孢菌孢子，而且繁殖速度非常快；如果温度过高的花，会使得植物萌芽，所以鲜切花在采摘后应当保持适当的温度。在运输的过程中，应当确保卡车里已经包装好的花卉处于0到5度的温度条件；否则，较高的运输温度会增强植物的呼吸速率，从而减少切花的寿命，所以，必须在运输之前就要将其调至适当的温度在进行运输。切花的储藏温度也非常重要，及时相差适当的温度非常小，也有可能会导致切花的茎干弯曲、花朵过早开放或者凋零等。而且养殖者也要在采摘后对鲜切花用抗乙烯、抗黄、防止水分蒸发等产品进行正确处理，较高的温度会使切花产生更多的乙烯，从而加速花朵成熟。', '2018-03-19 09:31:06', '0');
INSERT INTO `flowerknowledge` VALUES ('9', '如何处理采摘后的鲜切花', '大家都知道，采摘后的处理对于鲜切花来说是一个非常重要的环节，如果鲜切花在采摘后未能得到及时的处理，那么其观赏价值和寿命将会受到非常大的影响。在这里，小编为大家介绍鲜切花在采摘后应当如何处理。适当的温度能让鲜切花减少灰霉病的发生。当植物表面过于湿润时，容易产生葡萄孢菌孢子，而且繁殖速度非常快；如果温度过高的花，会使得植物萌芽，所以鲜切花在采摘后应当保持适当的温度。在运输的过程中，应当确保卡车里已经包装好的花卉处于0到5度的温度条件；否则，较高的运输温度会增强植物的呼吸速率，从而减少切花的寿命，所以，必须在运输之前就要将其调至适当的温度在进行运输。切花的储藏温度也非常重要，及时相差适当的温度非常小，也有可能会导致切花的茎干弯曲、花朵过早开放或者凋零等。而且养殖者也要在采摘后对鲜切花用抗乙烯、抗黄、防止水分蒸发等产品进行正确处理，较高的温度会使切花产生更多的乙烯，从而加速花朵成熟。', '2018-03-19 09:31:06', '0');
INSERT INTO `flowerknowledge` VALUES ('10', '如何处理采摘后的鲜切花', '大家都知道，采摘后的处理对于鲜切花来说是一个非常重要的环节，如果鲜切花在采摘后未能得到及时的处理，那么其观赏价值和寿命将会受到非常大的影响。在这里，小编为大家介绍鲜切花在采摘后应当如何处理。适当的温度能让鲜切花减少灰霉病的发生。当植物表面过于湿润时，容易产生葡萄孢菌孢子，而且繁殖速度非常快；如果温度过高的花，会使得植物萌芽，所以鲜切花在采摘后应当保持适当的温度。在运输的过程中，应当确保卡车里已经包装好的花卉处于0到5度的温度条件；否则，较高的运输温度会增强植物的呼吸速率，从而减少切花的寿命，所以，必须在运输之前就要将其调至适当的温度在进行运输。切花的储藏温度也非常重要，及时相差适当的温度非常小，也有可能会导致切花的茎干弯曲、花朵过早开放或者凋零等。而且养殖者也要在采摘后对鲜切花用抗乙烯、抗黄、防止水分蒸发等产品进行正确处理，较高的温度会使切花产生更多的乙烯，从而加速花朵成熟。', '2018-03-19 09:31:06', '0');
INSERT INTO `flowerknowledge` VALUES ('11', '室内盆栽宜忌需知', '合理的善用花卉可以有效改变室内的风水，植物与风水学的结合是要充分发挥人与花卉相生之要素，达到人与花卉的和谐为了生财化煞，所以室内所摆放的花卉和位置也各有不同。比如客厅要讲究一些，可选择富贵竹，发财树，君子兰等，这些花卉在风水学中蕴含吉祥如意，聚财发福之意。而书房要充满书香气息，因此花卉就要放在主人的文昌位，可选用山竹花，文竹等，这些花卉可活跃人的思维力，有助于学习，当然，在书桌上也可以放盆叶草，菖蒲等植物，具有凝神通窍，防止睡眠的作用。当然，在五行八卦当中，将花卉摆在东方则代表着家庭健康，在五行中属木；摆放在东南方则代表着财富与成功，在五行中属木；摆放在南方则代表着声誉与学识，在五行中属火；摆放在北方则代表着拥有事业，在五行中属水。由于木属性会破坏中心，且与金属性相克，所以应避免将花卉摆放在西南，东北以及中间位置。当然，也要避免放在属金的方位，如西方与西北方摆设花时应谨慎选择其摆放的位置否则就不要使用。花卉不仅可以提升人生的八大欲求，还可以增加室内的氧气含量，提高湿度，保持室内平衡，调节能量，让室内充满一股香气以及美化视觉的效果。', '2018-03-19 09:31:06', '0');
INSERT INTO `flowerknowledge` VALUES ('12', '如何处理采摘后的鲜切花', '大家都知道，采摘后的处理对于鲜切花来说是一个非常重要的环节，如果鲜切花在采摘后未能得到及时的处理，那么其观赏价值和寿命将会受到非常大的影响。在这里，小编为大家介绍鲜切花在采摘后应当如何处理。适当的温度能让鲜切花减少灰霉病的发生。当植物表面过于湿润时，容易产生葡萄孢菌孢子，而且繁殖速度非常快；如果温度过高的花，会使得植物萌芽，所以鲜切花在采摘后应当保持适当的温度。在运输的过程中，应当确保卡车里已经包装好的花卉处于0到5度的温度条件；否则，较高的运输温度会增强植物的呼吸速率，从而减少切花的寿命，所以，必须在运输之前就要将其调至适当的温度在进行运输。切花的储藏温度也非常重要，及时相差适当的温度非常小，也有可能会导致切花的茎干弯曲、花朵过早开放或者凋零等。而且养殖者也要在采摘后对鲜切花用抗乙烯、抗黄、防止水分蒸发等产品进行正确处理，较高的温度会使切花产生更多的乙烯，从而加速花朵成熟。', '2018-03-19 09:31:06', '1');
INSERT INTO `flowerknowledge` VALUES ('13', '如何处理采摘后的鲜切花', '大家都知道，采摘后的处理对于鲜切花来说是一个非常重要的环节，如果鲜切花在采摘后未能得到及时的处理，那么其观赏价值和寿命将会受到非常大的影响。在这里，小编为大家介绍鲜切花在采摘后应当如何处理。适当的温度能让鲜切花减少灰霉病的发生。当植物表面过于湿润时，容易产生葡萄孢菌孢子，而且繁殖速度非常快；如果温度过高的花，会使得植物萌芽，所以鲜切花在采摘后应当保持适当的温度。在运输的过程中，应当确保卡车里已经包装好的花卉处于0到5度的温度条件；否则，较高的运输温度会增强植物的呼吸速率，从而减少切花的寿命，所以，必须在运输之前就要将其调至适当的温度在进行运输。切花的储藏温度也非常重要，及时相差适当的温度非常小，也有可能会导致切花的茎干弯曲、花朵过早开放或者凋零等。而且养殖者也要在采摘后对鲜切花用抗乙烯、抗黄、防止水分蒸发等产品进行正确处理，较高的温度会使切花产生更多的乙烯，从而加速花朵成熟。', '2018-03-19 09:31:06', '1');
INSERT INTO `flowerknowledge` VALUES ('14', '如何处理采摘后的鲜切花', '大家都知道，采摘后的处理对于鲜切花来说是一个非常重要的环节，如果鲜切花在采摘后未能得到及时的处理，那么其观赏价值和寿命将会受到非常大的影响。在这里，小编为大家介绍鲜切花在采摘后应当如何处理。适当的温度能让鲜切花减少灰霉病的发生。当植物表面过于湿润时，容易产生葡萄孢菌孢子，而且繁殖速度非常快；如果温度过高的花，会使得植物萌芽，所以鲜切花在采摘后应当保持适当的温度。在运输的过程中，应当确保卡车里已经包装好的花卉处于0到5度的温度条件；否则，较高的运输温度会增强植物的呼吸速率，从而减少切花的寿命，所以，必须在运输之前就要将其调至适当的温度在进行运输。切花的储藏温度也非常重要，及时相差适当的温度非常小，也有可能会导致切花的茎干弯曲、花朵过早开放或者凋零等。而且养殖者也要在采摘后对鲜切花用抗乙烯、抗黄、防止水分蒸发等产品进行正确处理，较高的温度会使切花产生更多的乙烯，从而加速花朵成熟。', '2018-03-19 09:31:06', '1');
INSERT INTO `flowerknowledge` VALUES ('15', '如何处理采摘后的鲜切花', '大家都知道，采摘后的处理对于鲜切花来说是一个非常重要的环节，如果鲜切花在采摘后未能得到及时的处理，那么其观赏价值和寿命将会受到非常大的影响。在这里，小编为大家介绍鲜切花在采摘后应当如何处理。适当的温度能让鲜切花减少灰霉病的发生。当植物表面过于湿润时，容易产生葡萄孢菌孢子，而且繁殖速度非常快；如果温度过高的花，会使得植物萌芽，所以鲜切花在采摘后应当保持适当的温度。在运输的过程中，应当确保卡车里已经包装好的花卉处于0到5度的温度条件；否则，较高的运输温度会增强植物的呼吸速率，从而减少切花的寿命，所以，必须在运输之前就要将其调至适当的温度在进行运输。切花的储藏温度也非常重要，及时相差适当的温度非常小，也有可能会导致切花的茎干弯曲、花朵过早开放或者凋零等。而且养殖者也要在采摘后对鲜切花用抗乙烯、抗黄、防止水分蒸发等产品进行正确处理，较高的温度会使切花产生更多的乙烯，从而加速花朵成熟。', '2018-03-19 09:31:06', '1');
INSERT INTO `flowerknowledge` VALUES ('16', '如何处理采摘后的鲜切花', '大家都知道，采摘后的处理对于鲜切花来说是一个非常重要的环节，如果鲜切花在采摘后未能得到及时的处理，那么其观赏价值和寿命将会受到非常大的影响。在这里，小编为大家介绍鲜切花在采摘后应当如何处理。适当的温度能让鲜切花减少灰霉病的发生。当植物表面过于湿润时，容易产生葡萄孢菌孢子，而且繁殖速度非常快；如果温度过高的花，会使得植物萌芽，所以鲜切花在采摘后应当保持适当的温度。在运输的过程中，应当确保卡车里已经包装好的花卉处于0到5度的温度条件；否则，较高的运输温度会增强植物的呼吸速率，从而减少切花的寿命，所以，必须在运输之前就要将其调至适当的温度在进行运输。切花的储藏温度也非常重要，及时相差适当的温度非常小，也有可能会导致切花的茎干弯曲、花朵过早开放或者凋零等。而且养殖者也要在采摘后对鲜切花用抗乙烯、抗黄、防止水分蒸发等产品进行正确处理，较高的温度会使切花产生更多的乙烯，从而加速花朵成熟。', '2018-03-19 09:31:06', '0');
INSERT INTO `flowerknowledge` VALUES ('17', '如何处理采摘后的鲜切花', '大家都知道，采摘后的处理对于鲜切花来说是一个非常重要的环节，如果鲜切花在采摘后未能得到及时的处理，那么其观赏价值和寿命将会受到非常大的影响。在这里，小编为大家介绍鲜切花在采摘后应当如何处理。适当的温度能让鲜切花减少灰霉病的发生。当植物表面过于湿润时，容易产生葡萄孢菌孢子，而且繁殖速度非常快；如果温度过高的花，会使得植物萌芽，所以鲜切花在采摘后应当保持适当的温度。在运输的过程中，应当确保卡车里已经包装好的花卉处于0到5度的温度条件；否则，较高的运输温度会增强植物的呼吸速率，从而减少切花的寿命，所以，必须在运输之前就要将其调至适当的温度在进行运输。切花的储藏温度也非常重要，及时相差适当的温度非常小，也有可能会导致切花的茎干弯曲、花朵过早开放或者凋零等。而且养殖者也要在采摘后对鲜切花用抗乙烯、抗黄、防止水分蒸发等产品进行正确处理，较高的温度会使切花产生更多的乙烯，从而加速花朵成熟。', '2018-03-19 09:31:06', '1');
INSERT INTO `flowerknowledge` VALUES ('18', '如何处理采摘后的鲜切花', '大家都知道，采摘后的处理对于鲜切花来说是一个非常重要的环节，如果鲜切花在采摘后未能得到及时的处理，那么其观赏价值和寿命将会受到非常大的影响。在这里，小编为大家介绍鲜切花在采摘后应当如何处理。适当的温度能让鲜切花减少灰霉病的发生。当植物表面过于湿润时，容易产生葡萄孢菌孢子，而且繁殖速度非常快；如果温度过高的花，会使得植物萌芽，所以鲜切花在采摘后应当保持适当的温度。在运输的过程中，应当确保卡车里已经包装好的花卉处于0到5度的温度条件；否则，较高的运输温度会增强植物的呼吸速率，从而减少切花的寿命，所以，必须在运输之前就要将其调至适当的温度在进行运输。切花的储藏温度也非常重要，及时相差适当的温度非常小，也有可能会导致切花的茎干弯曲、花朵过早开放或者凋零等。而且养殖者也要在采摘后对鲜切花用抗乙烯、抗黄、防止水分蒸发等产品进行正确处理，较高的温度会使切花产生更多的乙烯，从而加速花朵成熟。', '2018-03-19 09:31:06', '1');
INSERT INTO `flowerknowledge` VALUES ('19', '如何处理采摘后的鲜切花', '大家都知道，采摘后的处理对于鲜切花来说是一个非常重要的环节，如果鲜切花在采摘后未能得到及时的处理，那么其观赏价值和寿命将会受到非常大的影响。在这里，小编为大家介绍鲜切花在采摘后应当如何处理。适当的温度能让鲜切花减少灰霉病的发生。当植物表面过于湿润时，容易产生葡萄孢菌孢子，而且繁殖速度非常快；如果温度过高的花，会使得植物萌芽，所以鲜切花在采摘后应当保持适当的温度。在运输的过程中，应当确保卡车里已经包装好的花卉处于0到5度的温度条件；否则，较高的运输温度会增强植物的呼吸速率，从而减少切花的寿命，所以，必须在运输之前就要将其调至适当的温度在进行运输。切花的储藏温度也非常重要，及时相差适当的温度非常小，也有可能会导致切花的茎干弯曲、花朵过早开放或者凋零等。而且养殖者也要在采摘后对鲜切花用抗乙烯、抗黄、防止水分蒸发等产品进行正确处理，较高的温度会使切花产生更多的乙烯，从而加速花朵成熟。', '2018-03-19 09:31:06', '2');
INSERT INTO `flowerknowledge` VALUES ('20', '如何处理采摘后的鲜切花', '大家都知道，采摘后的处理对于鲜切花来说是一个非常重要的环节，如果鲜切花在采摘后未能得到及时的处理，那么其观赏价值和寿命将会受到非常大的影响。在这里，小编为大家介绍鲜切花在采摘后应当如何处理。适当的温度能让鲜切花减少灰霉病的发生。当植物表面过于湿润时，容易产生葡萄孢菌孢子，而且繁殖速度非常快；如果温度过高的花，会使得植物萌芽，所以鲜切花在采摘后应当保持适当的温度。在运输的过程中，应当确保卡车里已经包装好的花卉处于0到5度的温度条件；否则，较高的运输温度会增强植物的呼吸速率，从而减少切花的寿命，所以，必须在运输之前就要将其调至适当的温度在进行运输。切花的储藏温度也非常重要，及时相差适当的温度非常小，也有可能会导致切花的茎干弯曲、花朵过早开放或者凋零等。而且养殖者也要在采摘后对鲜切花用抗乙烯、抗黄、防止水分蒸发等产品进行正确处理，较高的温度会使切花产生更多的乙烯，从而加速花朵成熟。', '2018-03-19 09:31:06', '2');
INSERT INTO `flowerknowledge` VALUES ('21', '如何处理采摘后的鲜切花', '大家都知道，采摘后的处理对于鲜切花来说是一个非常重要的环节，如果鲜切花在采摘后未能得到及时的处理，那么其观赏价值和寿命将会受到非常大的影响。在这里，小编为大家介绍鲜切花在采摘后应当如何处理。适当的温度能让鲜切花减少灰霉病的发生。当植物表面过于湿润时，容易产生葡萄孢菌孢子，而且繁殖速度非常快；如果温度过高的花，会使得植物萌芽，所以鲜切花在采摘后应当保持适当的温度。在运输的过程中，应当确保卡车里已经包装好的花卉处于0到5度的温度条件；否则，较高的运输温度会增强植物的呼吸速率，从而减少切花的寿命，所以，必须在运输之前就要将其调至适当的温度在进行运输。切花的储藏温度也非常重要，及时相差适当的温度非常小，也有可能会导致切花的茎干弯曲、花朵过早开放或者凋零等。而且养殖者也要在采摘后对鲜切花用抗乙烯、抗黄、防止水分蒸发等产品进行正确处理，较高的温度会使切花产生更多的乙烯，从而加速花朵成熟。', '2018-03-19 09:31:06', '1');
INSERT INTO `flowerknowledge` VALUES ('22', '如何处理采摘后的鲜切花', '大家都知道，采摘后的处理对于鲜切花来说是一个非常重要的环节，如果鲜切花在采摘后未能得到及时的处理，那么其观赏价值和寿命将会受到非常大的影响。在这里，小编为大家介绍鲜切花在采摘后应当如何处理。适当的温度能让鲜切花减少灰霉病的发生。当植物表面过于湿润时，容易产生葡萄孢菌孢子，而且繁殖速度非常快；如果温度过高的花，会使得植物萌芽，所以鲜切花在采摘后应当保持适当的温度。在运输的过程中，应当确保卡车里已经包装好的花卉处于0到5度的温度条件；否则，较高的运输温度会增强植物的呼吸速率，从而减少切花的寿命，所以，必须在运输之前就要将其调至适当的温度在进行运输。切花的储藏温度也非常重要，及时相差适当的温度非常小，也有可能会导致切花的茎干弯曲、花朵过早开放或者凋零等。而且养殖者也要在采摘后对鲜切花用抗乙烯、抗黄、防止水分蒸发等产品进行正确处理，较高的温度会使切花产生更多的乙烯，从而加速花朵成熟。', '2018-03-19 09:31:06', '1');
INSERT INTO `flowerknowledge` VALUES ('23', '如何处理采摘后的鲜切花', '大家都知道，采摘后的处理对于鲜切花来说是一个非常重要的环节，如果鲜切花在采摘后未能得到及时的处理，那么其观赏价值和寿命将会受到非常大的影响。在这里，小编为大家介绍鲜切花在采摘后应当如何处理。适当的温度能让鲜切花减少灰霉病的发生。当植物表面过于湿润时，容易产生葡萄孢菌孢子，而且繁殖速度非常快；如果温度过高的花，会使得植物萌芽，所以鲜切花在采摘后应当保持适当的温度。在运输的过程中，应当确保卡车里已经包装好的花卉处于0到5度的温度条件；否则，较高的运输温度会增强植物的呼吸速率，从而减少切花的寿命，所以，必须在运输之前就要将其调至适当的温度在进行运输。切花的储藏温度也非常重要，及时相差适当的温度非常小，也有可能会导致切花的茎干弯曲、花朵过早开放或者凋零等。而且养殖者也要在采摘后对鲜切花用抗乙烯、抗黄、防止水分蒸发等产品进行正确处理，较高的温度会使切花产生更多的乙烯，从而加速花朵成熟。', '2018-03-19 09:31:06', '2');
INSERT INTO `flowerknowledge` VALUES ('24', '如何处理采摘后的鲜切花', '大家都知道，采摘后的处理对于鲜切花来说是一个非常重要的环节，如果鲜切花在采摘后未能得到及时的处理，那么其观赏价值和寿命将会受到非常大的影响。在这里，小编为大家介绍鲜切花在采摘后应当如何处理。适当的温度能让鲜切花减少灰霉病的发生。当植物表面过于湿润时，容易产生葡萄孢菌孢子，而且繁殖速度非常快；如果温度过高的花，会使得植物萌芽，所以鲜切花在采摘后应当保持适当的温度。在运输的过程中，应当确保卡车里已经包装好的花卉处于0到5度的温度条件；否则，较高的运输温度会增强植物的呼吸速率，从而减少切花的寿命，所以，必须在运输之前就要将其调至适当的温度在进行运输。切花的储藏温度也非常重要，及时相差适当的温度非常小，也有可能会导致切花的茎干弯曲、花朵过早开放或者凋零等。而且养殖者也要在采摘后对鲜切花用抗乙烯、抗黄、防止水分蒸发等产品进行正确处理，较高的温度会使切花产生更多的乙烯，从而加速花朵成熟。', '2018-03-19 09:31:06', '2');
INSERT INTO `flowerknowledge` VALUES ('25', '如何处理采摘后的鲜切花', '大家都知道，采摘后的处理对于鲜切花来说是一个非常重要的环节，如果鲜切花在采摘后未能得到及时的处理，那么其观赏价值和寿命将会受到非常大的影响。在这里，小编为大家介绍鲜切花在采摘后应当如何处理。适当的温度能让鲜切花减少灰霉病的发生。当植物表面过于湿润时，容易产生葡萄孢菌孢子，而且繁殖速度非常快；如果温度过高的花，会使得植物萌芽，所以鲜切花在采摘后应当保持适当的温度。在运输的过程中，应当确保卡车里已经包装好的花卉处于0到5度的温度条件；否则，较高的运输温度会增强植物的呼吸速率，从而减少切花的寿命，所以，必须在运输之前就要将其调至适当的温度在进行运输。切花的储藏温度也非常重要，及时相差适当的温度非常小，也有可能会导致切花的茎干弯曲、花朵过早开放或者凋零等。而且养殖者也要在采摘后对鲜切花用抗乙烯、抗黄、防止水分蒸发等产品进行正确处理，较高的温度会使切花产生更多的乙烯，从而加速花朵成熟。', '2018-03-19 09:31:06', '3');
INSERT INTO `flowerknowledge` VALUES ('26', '如何处理采摘后的鲜切花', '大家都知道，采摘后的处理对于鲜切花来说是一个非常重要的环节，如果鲜切花在采摘后未能得到及时的处理，那么其观赏价值和寿命将会受到非常大的影响。在这里，小编为大家介绍鲜切花在采摘后应当如何处理。适当的温度能让鲜切花减少灰霉病的发生。当植物表面过于湿润时，容易产生葡萄孢菌孢子，而且繁殖速度非常快；如果温度过高的花，会使得植物萌芽，所以鲜切花在采摘后应当保持适当的温度。在运输的过程中，应当确保卡车里已经包装好的花卉处于0到5度的温度条件；否则，较高的运输温度会增强植物的呼吸速率，从而减少切花的寿命，所以，必须在运输之前就要将其调至适当的温度在进行运输。切花的储藏温度也非常重要，及时相差适当的温度非常小，也有可能会导致切花的茎干弯曲、花朵过早开放或者凋零等。而且养殖者也要在采摘后对鲜切花用抗乙烯、抗黄、防止水分蒸发等产品进行正确处理，较高的温度会使切花产生更多的乙烯，从而加速花朵成熟。', '2018-03-19 09:31:06', '10');
INSERT INTO `flowerknowledge` VALUES ('29', '夏日推荐—玫瑰花露', '玫瑰花不仅是浪漫的代名词，也是一种非常好的药食两用花卉。早在几千年前，我国就已经在使用玫瑰花来治病了，尤其是在养颜方面，运用得非常广泛。玫瑰花不仅在养颜方面有显著的功效，在治病方面也有突出的优点。\n\n紫玫瑰可以促进人体的新陈代谢、排毒通便、调整内分泌等作用，比较适合内分泌紊乱的肥胖女性；粉玫瑰与茉莉花搭配饮用能起到减肥瘦身的效果，而且茉莉能改善昏睡现象，对月经失调也有显著功效。\n\n制作玫瑰花露也是非常简单的，首先是选取50克玫瑰花蕾，然后将干玫瑰花蕾洗干净，放在一边，分成3次煮。第一次，在锅里面放500毫升左右的水，将一小勺洗净的玫瑰花放进锅里，用小火煮，一直煮到玫瑰花蕾变色了，就把它捞起来。第二次是再放入新的花蕾，煮到变色了，再捞起来，就这样重复进行，一直到锅里的水只有一碗了，颜色也很深了，就可以熄火了。最后，将煮好的玫瑰花露倒入玻璃瓶中，就制作成了。这种玫瑰花露既可以内服，也可以外用。内服时，可用开水冲泡直接饮用，也可加糖或蜂蜜调味，服用后可以起到补血养气、滋养容颜的作用。外用时，可在洗完脸、洁面以后，用玫瑰花露来拍打皮肤，也有美白肌肤的作用。', '2018-03-19 09:31:06', '17');

-- ----------------------------
-- Table structure for `flowernewslist`
-- ----------------------------
DROP TABLE IF EXISTS `flowernewslist`;
CREATE TABLE `flowernewslist` (
  `id` int(11) NOT NULL AUTO_INCREMENT,
  `title` varchar(255) NOT NULL,
  `content` text NOT NULL,
  `newstime` datetime NOT NULL,
  `readtimes` int(11) DEFAULT '0',
  PRIMARY KEY (`id`)
) ENGINE=InnoDB AUTO_INCREMENT=27 DEFAULT CHARSET=gbk;

-- ----------------------------
-- Records of flowernewslist
-- ----------------------------
INSERT INTO `flowernewslist` VALUES ('1', '大量玫瑰大苗出售', '基地现有切花非洲菊苗 观赏玫瑰花苗，两年生大苗数量200万棵，主要品种以卡罗拉，黑魔术，艳粉，坦尼克，雪山为主。大苗种植年限2年左右，苗高70－90公分，分枝两到4个，种苗植株生长旺盛，无病虫害，全国发货有需要的新老客户请与本人联系', '2018-03-19 09:31:06', '15');
INSERT INTO `flowernewslist` VALUES ('2', '玫瑰有新品啦', '新老客户注意啦，基地将出售新品种的玫瑰啦，有需要的朋友与本人联系', '2018-03-19 09:31:06', '9');
INSERT INTO `flowernewslist` VALUES ('3', '玫瑰有新品啦', '新老客户注意啦，基地将出售新品种的玫瑰啦，有需要的朋友与本人联系', '2018-03-19 09:31:06', '3');
INSERT INTO `flowernewslist` VALUES ('4', '玫瑰有新品啦', '新老客户注意啦，基地将出售新品种的玫瑰啦，有需要的朋友与本人联系', '2018-03-19 09:31:06', '1');
INSERT INTO `flowernewslist` VALUES ('5', '玫瑰有新品啦', '新老客户注意啦，基地将出售新品种的玫瑰啦，有需要的朋友与本人联系', '2018-03-19 09:31:06', '4');
INSERT INTO `flowernewslist` VALUES ('6', '玫瑰有新品啦', '新老客户注意啦，基地将出售新品种的玫瑰啦，有需要的朋友与本人联系', '2018-03-19 09:31:06', '4');
INSERT INTO `flowernewslist` VALUES ('7', '玫瑰有新品啦', '新老客户注意啦，基地将出售新品种的玫瑰啦，有需要的朋友与本人联系', '2018-03-19 09:31:06', '2');
INSERT INTO `flowernewslist` VALUES ('8', '玫瑰有新品啦', '新老客户注意啦，基地将出售新品种的玫瑰啦，有需要的朋友与本人联系', '2018-03-19 09:31:06', '2');
INSERT INTO `flowernewslist` VALUES ('10', '玫瑰有新品啦', '新老客户注意啦，基地将出售新品种的玫瑰啦，有需要的朋友与本人联系', '2018-03-19 09:31:06', '1');
INSERT INTO `flowernewslist` VALUES ('11', '玫瑰有新品啦', '新老客户注意啦，基地将出售新品种的玫瑰啦，有需要的朋友与本人联系', '2018-03-19 09:31:06', '0');
INSERT INTO `flowernewslist` VALUES ('12', '玫瑰有新品啦', '新老客户注意啦，基地将出售新品种的玫瑰啦，有需要的朋友与本人联系', '2018-03-19 09:31:06', '2');
INSERT INTO `flowernewslist` VALUES ('13', '玫瑰有新品啦', '新老客户注意啦，基地将出售新品种的玫瑰啦，有需要的朋友与本人联系', '2018-03-19 09:31:06', '0');
INSERT INTO `flowernewslist` VALUES ('14', '玫瑰有新品啦', '新老客户注意啦，基地将出售新品种的玫瑰啦，有需要的朋友与本人联系', '2018-03-19 09:31:06', '1');
INSERT INTO `flowernewslist` VALUES ('15', '玫瑰有新品啦', '新老客户注意啦，基地将出售新品种的玫瑰啦，有需要的朋友与本人联系', '2018-03-19 09:31:06', '1');
INSERT INTO `flowernewslist` VALUES ('16', '玫瑰有新品啦', '新老客户注意啦，基地将出售新品种的玫瑰啦，有需要的朋友与本人联系', '2018-03-19 09:31:06', '2');
INSERT INTO `flowernewslist` VALUES ('17', '玫瑰有新品啦', '新老客户注意啦，基地将出售新品种的玫瑰啦，有需要的朋友与本人联系', '2018-03-19 09:31:06', '1');
INSERT INTO `flowernewslist` VALUES ('18', '玫瑰有新品啦', '新老客户注意啦，基地将出售新品种的玫瑰啦，有需要的朋友与本人联系', '2018-03-19 09:31:06', '1');
INSERT INTO `flowernewslist` VALUES ('19', '玫瑰有新品啦', '新老客户注意啦，基地将出售新品种的玫瑰啦，有需要的朋友与本人联系', '2018-03-19 09:31:06', '2');
INSERT INTO `flowernewslist` VALUES ('20', '玫瑰有新品啦', '新老客户注意啦，基地将出售新品种的玫瑰啦，有需要的朋友与本人联系', '2018-03-19 09:31:06', '2');
INSERT INTO `flowernewslist` VALUES ('21', '玫瑰有新品啦', '新老客户注意啦，基地将出售新品种的玫瑰啦，有需要的朋友与本人联系', '2018-03-19 09:31:06', '1');
INSERT INTO `flowernewslist` VALUES ('22', '玫瑰有新品啦', '新老客户注意啦，基地将出售新品种的玫瑰啦，有需要的朋友与本人联系', '2018-03-19 09:31:06', '3');
INSERT INTO `flowernewslist` VALUES ('23', '玫瑰有新品啦', '新老客户注意啦，基地将出售新品种的玫瑰啦，有需要的朋友与本人联系', '2018-03-19 09:31:06', '1');
INSERT INTO `flowernewslist` VALUES ('24', '玫瑰有新品啦', '新老客户注意啦，基地将出售新品种的玫瑰啦，有需要的朋友与本人联系', '2018-03-19 09:31:06', '5');
INSERT INTO `flowernewslist` VALUES ('25', '玫瑰有新品啦', '新老客户注意啦，基地将出售新品种的玫瑰啦，有需要的朋友与本人联系', '2018-03-19 09:31:06', '14');
INSERT INTO `flowernewslist` VALUES ('26', '紧急通知啦', '各位新老朋友，我们将于6月推出新的兰花啦，主要是君子兰，敬请期待！', '2018-03-19 09:31:06', '23');

-- ----------------------------
-- Table structure for `flower_intro`
-- ----------------------------
DROP TABLE IF EXISTS `flower_intro`;
CREATE TABLE `flower_intro` (
  `id` int(11) NOT NULL,
  `flowertype` varchar(30) NOT NULL,
  `flowerintro` text NOT NULL,
  PRIMARY KEY (`id`)
) ENGINE=InnoDB DEFAULT CHARSET=gbk;

-- ----------------------------
-- Records of flower_intro
-- ----------------------------
INSERT INTO `flower_intro` VALUES ('1', '非洲菊', '<p>非洲菊介绍，菊科，（英文名：Gerbera、Barberton daisy 等），别名为扶郎花、太阳花、猩猩菊、日头花等，是多年生草本植物，顶生花序，花色分别有红色、白色、黄色、橙色、紫色等。繁殖用播种或分株法，原产地为南非</p><p>非洲菊介绍</p><p>非洲菊（英文名：Gerbera），又名扶郎花，菊科大丁草属，多年生草本植物，是现代切花中的重要材料。非洲菊花朵硕大，花色丰富，管理省工，在温暖地区能常年供应鲜切花。主要类型可分现代切花型和矮生栽培型，有白、粉、红、黄等各种花色多年生、被毛草本。根状茎短，为残存的叶柄所围裹，具较粗的须根。叶基生，莲座状，叶片长椭圆形至长圆形，长10-14厘米，宽5-6厘米，顶端短尖或略钝，基部渐狭，边缘不规则羽状浅裂或深裂，上面无毛，下面被短柔毛，老时脱毛；中脉两面均凸起，下面粗而尤著，侧脉5-7对，离缘弯拱连接，网脉略明显；叶柄长7-15厘米，具粗纵棱，多少被毛。花葶单生，或稀有数个丛生，长25-60厘米，无苞叶，被毛，毛于顶部最稠密，头状花序单生于花葶之顶，于花期舌瓣展开时直径6-10厘米；总苞钟形，约与两性花等长，直径可达2厘米；总苞片2层，外层线形或钻形，顶端尖，长8-10毫米，宽约1-1.5毫米，背面被柔毛，内层长圆状披针形，顶端尾尖。长10-14毫米，宽约2毫米，边缘干膜质，背脊上被疏柔毛；花托扁平，裸露，蜂窝状，直径6-8毫米；外围雌花2层，外层花冠舌状，舌片淡红色至紫红色，或白色及黄色，长圆形，长2.5-3.5厘米，宽2-4毫米，顶端具3齿，内2裂丝状，卷曲，长4-5毫米，花冠管短，长约为舌片的1/8，退化雄蕊丝状，长3-4毫米，伸出于花冠管之外；内层雌花比两性花纤细，管状二唇形，长6-7毫米，二唇等长，外唇具3细齿或有时为2齿和1裂片，内唇2深裂，裂片线形，长约4毫米，卷曲，退化雄蕊4-5枚，线形或丝状，藏于花冠管内；中央两性花多数，管状二唇形，长8-9毫米，外唇大，具3齿，内唇2深裂，裂片通常宽，卷曲；花药长约4毫米，具长尖的尾部；雌花和两性花的花柱分枝均短，顶端钝，长不时带浅褐色，长6-7毫米，基部联合。花期11月至翌年4月</p>');
INSERT INTO `flower_intro` VALUES ('2', '康乃馨', '<p>香石竹（英文名：Dianthus caryophyllus）即康乃馨，又名狮头石竹、麝香石竹、大花石竹、荷兰石竹。为石竹科、石竹属类植物，康乃馨包括许多变种与杂交种，在温室里几乎可以连续不断开花。1907年，美国费城的贾维斯(Jarvis)首先以粉红色康乃馨作为母亲节的象征，故今常被作为献给母亲的花。它是一种大量种植的石竹科、石竹属多年生植物。通常开重瓣花，花色多样且鲜艳，气味芳香。康乃馨是最受欢迎的切花之一，代表了健康和美好祝愿。可供作插花、胸花等。</p><p>形态特征</P><p>康乃馨茎秆硬脆，节很大。花单生或2－3朵簇生，花萼长筒状，花瓣扇状。盆栽用品种有纯黄色、白色、紫色具白边、淡橙色、鲜红色、红色、粉红色、粉红色具橙红深条纹，以及自然矮生种的花淡紫色边缘深紫色。</P>');
INSERT INTO `flower_intro` VALUES ('3', '兰花', '<p>兰花是多年生草本植物。根肉质肥大，无根毛，有共生菌。具有假鳞茎，俗你芦头外包有叶鞘，常多个假鳞茎连在一起，成排同时存在。叶线形或剑形，革质，直立或下垂，花单生或成总状花序，花梗上着生多数苞片。花两性，具芳香。花冠由3枚萼片与3枚花瓣及蕊柱组成。萼片中间1枚称主瓣。下2枚为副瓣，副瓣伸展情况称户。上2枚花瓣直立，肉质较厚，先端向内卷曲，俗称捧。下面1枚为唇瓣，较大，俗称兰荪。成熟后为褐色，种子细小呈粉末粉。</p>');
INSERT INTO `flower_intro` VALUES ('4', '玫瑰', '<p>玫瑰喜阳光充足，耐寒、耐旱，喜排水良好、疏松肥沃的壤土或轻壤土，在粘壤土中生长不良，开花不佳。宜栽植在通风良好、离墙壁较远的地方，以防日光反射，灼伤花苞，影响开花。</p><p>性喜阳光，耐寒力强。耐干旱，不耐涝，积水会导致落叶，甚至死亡。喜肥沃、疏松、湿润、排水良好的沙质壤土。昼夜温差大、干燥的环境条什有利于生长。</p>');
INSERT INTO `flower_intro` VALUES ('5', '百合', '<p>生长习性</p><p>性喜湿润、光照、要求肥沃、富含腐殖质、土层深厚、排水性极为良好的砂质土壤，最忌硬粘土；多数品种宜在微酸性至中性土壤中生长，土壤pH值为5.5～6.5。百合喜凉爽潮湿环境，日光充足的地方、略荫蔽的环境对百合更为适合。忌干旱、忌酷暑，它的耐寒性稍差些。百合生长、开花温度为16～24℃，低于5℃或高于30℃生长几乎停止，10℃以上植株才正常生长，超过25℃时生长又停滞，如果冬季夜间温度低于5℃持续5～7天，花芽分化、花蕾发育会受到严重影响，推迟开花甚至盲花、花裂。</p>');

-- ----------------------------
-- Table structure for `grade`
-- ----------------------------
DROP TABLE IF EXISTS `grade`;
CREATE TABLE `grade` (
  `gradeid` int(11) NOT NULL,
  `score` mediumtext NOT NULL,
  PRIMARY KEY (`gradeid`)
) ENGINE=InnoDB DEFAULT CHARSET=gbk;

-- ----------------------------
-- Records of grade
-- ----------------------------
INSERT INTO `grade` VALUES ('1', '200');

-- ----------------------------
-- Table structure for `orders`
-- ----------------------------
DROP TABLE IF EXISTS `orders`;
CREATE TABLE `orders` (
  `id` int(11) NOT NULL AUTO_INCREMENT,
  `userid` int(11) NOT NULL,
  `orderDate` timestamp NOT NULL DEFAULT CURRENT_TIMESTAMP ON UPDATE CURRENT_TIMESTAMP,
  `paymode` varchar(30) NOT NULL,
  `extrainfo` varchar(50) DEFAULT NULL,
  `totalprice` double NOT NULL DEFAULT '0',
  `sendaddress` varchar(255) NOT NULL,
  `ispayed` varchar(20) NOT NULL,
  `tradestate` varchar(30) NOT NULL DEFAULT '交易中',
  PRIMARY KEY (`id`),
  KEY `orders_fk` (`userid`),
  CONSTRAINT `orders_fk` FOREIGN KEY (`userid`) REFERENCES `users` (`userid`)
) ENGINE=InnoDB AUTO_INCREMENT=60 DEFAULT CHARSET=gbk;

-- ----------------------------
-- Records of orders
-- ----------------------------
INSERT INTO `orders` VALUES ('6', '1', '2018-03-19 09:31:06', '网银付款', '您的其他需求', '50', '江苏省南京市玄武区卫岗一号', '否', '交易关闭');
INSERT INTO `orders` VALUES ('7', '1', '2018-03-19 09:31:06', '网银付款', '您的其他需求', '96', '江苏省南京市玄武区卫岗一号', '是', '交易成功');
INSERT INTO `orders` VALUES ('8', '1', '2018-03-19 09:31:06', '货到付款', '您的其他需求', '430', '江苏省南京市玄武区卫岗一号', '是', '交易成功');
INSERT INTO `orders` VALUES ('9', '1', '2018-03-19 09:31:06', '网银付款', '您的其他需求', '26', '江苏省南京市玄武区卫岗一号', '是', '交易成功');
INSERT INTO `orders` VALUES ('10', '1', '2018-03-19 09:31:06', '网银付款', '您的其他需求', '96', '江苏省南京市玄武区卫岗一号', '是', '交易成功');
INSERT INTO `orders` VALUES ('11', '1', '2018-03-19 09:31:06', '货到付款', '您的其他需求', '18', '江苏省南京市玄武区卫岗一号', '是', '交易成功');
INSERT INTO `orders` VALUES ('12', '2', '2018-03-19 09:31:06', '货到付款', '您的其他需求', '42', '南京市玄武区卫岗一号南京农业大学', '否', '交易中');
INSERT INTO `orders` VALUES ('13', '2', '2018-03-19 09:31:06', '货到付款', '您的其他需求', '50', '南京市玄武区卫岗一号南京农业大学', '是', '交易成功');
INSERT INTO `orders` VALUES ('14', '2', '2018-03-19 09:31:06', '网银付款', '您的其他需求', '80', '南京市玄武区卫岗一号南京农业大学', '否', '交易中');
INSERT INTO `orders` VALUES ('15', '2', '2018-03-19 09:31:06', '货到付款', '您的其他需求', '166', '南京市玄武区卫岗一号南京农业大学', '是', '交易成功');
INSERT INTO `orders` VALUES ('16', '2', '2018-03-19 09:31:06', '货到付款', '您的其他需求', '26', '南京市玄武区卫岗一号南京农业大学', '是', '交易成功');
INSERT INTO `orders` VALUES ('17', '1', '2018-03-19 09:31:06', '网银付款', '您的其他需求', '70', '江苏省南京市玄武区卫岗一号', '是', '交易成功');
INSERT INTO `orders` VALUES ('18', '1', '2018-03-19 09:31:06', '网银付款', '您的其他需求', '86', '江苏省南京市玄武区卫岗一号', '是', '交易成功');
INSERT INTO `orders` VALUES ('19', '1', '2018-03-19 09:31:06', '货到付款', '您的其他需求', '160', '江苏省南京市玄武区卫岗一号', '是', '交易成功');
INSERT INTO `orders` VALUES ('20', '1', '2018-03-19 09:31:06', '网银付款', '您的其他需求', '210', '江苏省南京市玄武区卫岗一号', '是', '交易成功');
INSERT INTO `orders` VALUES ('21', '1', '2018-03-19 09:31:06', '网银付款', '您的其他需求', '159.2', '江苏省南京市玄武区卫岗一号', '是', '交易成功');
INSERT INTO `orders` VALUES ('22', '1', '2018-03-19 09:31:06', '网银付款', '您的其他需求', '530', '江苏省南京市玄武区卫岗一号', '是', '交易成功');
INSERT INTO `orders` VALUES ('23', '6', '2018-03-19 09:31:06', '网银付款', '您的其他需求', '2875', '南京农业大学', '否', '交易中');
INSERT INTO `orders` VALUES ('24', '6', '2018-03-19 09:31:06', '网银付款', '您的其他需求', '2875', '南京农业大学', '否', '交易中');
INSERT INTO `orders` VALUES ('25', '6', '2018-03-19 09:31:06', '货到付款', '您的其他需求', '2875', '南京农业大学', '是', '交易成功');
INSERT INTO `orders` VALUES ('26', '1', '2018-03-19 09:31:06', '网银付款', '您的其他需求', '529.5', '江苏省南京市玄武区卫岗一号', '是', '交易成功');
INSERT INTO `orders` VALUES ('27', '1', '2018-03-19 09:31:06', '货到付款', '您的其他需求', '80', '江苏省南京市玄武区卫岗一号', '是', '交易成功');
INSERT INTO `orders` VALUES ('28', '1', '2018-03-19 09:31:06', '网银付款', '您的其他需求', '80', '江苏省南京市玄武区卫岗一号', '是', '买家已付款');
INSERT INTO `orders` VALUES ('29', '1', '2018-03-19 09:31:06', '网银付款', '您的其他需求', '52', '江苏省南京市玄武区卫岗一号', '是', '交易成功');
INSERT INTO `orders` VALUES ('30', '1', '2018-03-19 09:31:06', '货到付款', '您的其他需求', '80', '江苏省南京市玄武区卫岗一号', '是', '交易关闭');
INSERT INTO `orders` VALUES ('31', '1', '2018-03-19 09:31:06', '货到付款', '您的其他需求', '80', '江苏省南京市玄武区卫岗一号', '是', '交易成功');
INSERT INTO `orders` VALUES ('32', '1', '2018-03-19 09:31:06', '网银付款', '您的其他需求', '50', '江苏省南京市玄武区卫岗一号', '是', '交易成功');
INSERT INTO `orders` VALUES ('33', '1', '2018-03-19 09:31:06', '网银付款', '您的其他需求', '70', '江苏省南京市玄武区卫岗一号', '是', '交易成功');
INSERT INTO `orders` VALUES ('34', '1', '2018-03-19 09:31:06', '网银付款', '您的其他需求', '80', '江苏省南京市玄武区卫岗一号', '是', '卖家已发货');
INSERT INTO `orders` VALUES ('35', '3', '2018-03-19 09:31:06', '网银付款', '您的其他需求', '52', '南京农业大学', '是', '卖家已发货');
INSERT INTO `orders` VALUES ('36', '3', '2018-03-19 09:31:06', '网银付款', '您的其他需求', '80', '南京农业大学', '是', '买家已付款');
INSERT INTO `orders` VALUES ('37', '3', '2018-03-19 09:31:06', '货到付款', '您的其他需求', '86', '南京农业大学', '是', '卖家已发货');
INSERT INTO `orders` VALUES ('38', '3', '2018-03-19 09:31:06', '网银付款', '您的其他需求', '176', '南京农业大学', '是', '买家已付款');
INSERT INTO `orders` VALUES ('39', '3', '2018-03-19 09:31:06', '货到付款', '您的其他需求', '1400', '南京农业大学', '是', '卖家已发货');
INSERT INTO `orders` VALUES ('40', '1', '2018-03-19 09:31:06', '网银付款', '您的其他需求', '80', '江苏省南京市玄武区卫岗一号', '是', '交易成功');
INSERT INTO `orders` VALUES ('41', '3', '2018-03-19 09:31:06', '网银付款', '您的其他需求', '28', '南京农业大学', '否', '交易中');
INSERT INTO `orders` VALUES ('42', '4', '2018-03-19 09:31:06', '网银付款', '您的其他需求', '50', '南京农业大学', '是', '买家已付款');
INSERT INTO `orders` VALUES ('43', '2', '2018-03-19 09:31:06', '网银付款', '您的其他需求', '80', '南京市玄武区卫岗一号南京农业大学', '否', '交易中');
INSERT INTO `orders` VALUES ('44', '3', '2018-03-19 09:31:06', '网银付款', '您的其他需求', '80.8', '南京农业大学', '否', '交易中');
INSERT INTO `orders` VALUES ('45', '3', '2018-03-19 09:31:06', '货到付款', '您的其他需求', '96', '南京农业大学', '否', '交易中');
INSERT INTO `orders` VALUES ('46', '4', '2018-03-19 09:31:06', '网银付款', '您的其他需求', '50', '南京农业大学', '否', '交易中');
INSERT INTO `orders` VALUES ('47', '4', '2018-03-19 09:31:06', '货到付款', '您的其他需求', '166', '南京农业大学', '否', '交易中');
INSERT INTO `orders` VALUES ('48', '3', '2018-03-19 09:31:06', '货到付款', '您的其他需求', '205', '南京农业大学', '是', '交易关闭');
INSERT INTO `orders` VALUES ('49', '3', '2018-03-19 09:31:06', '网银付款', '您的其他需求', '28', '南京农业大学', '是', '交易成功');
INSERT INTO `orders` VALUES ('50', '3', '2018-03-19 09:31:06', '网银付款', '您的其他需求', '1500', '南京农业大学', '是', '买家已付款');
INSERT INTO `orders` VALUES ('51', '3', '2018-03-19 09:31:06', '货到付款', '您的其他需求', '500', '南京农业大学', '是', '交易成功');
INSERT INTO `orders` VALUES ('52', '4', '2018-03-19 09:31:06', '货到付款', '您的其他需求', '125', '南京农业大学', '是', '交易成功');
INSERT INTO `orders` VALUES ('53', '3', '2018-03-19 09:31:06', '货到付款', '您的其他需求', '125', '南京农业大学', '是', '交易成功');
INSERT INTO `orders` VALUES ('54', '3', '2018-03-19 09:31:06', '货到付款', '您的其他需求', '125', '南京农业大学', '是', '交易成功');
INSERT INTO `orders` VALUES ('55', '4', '2018-03-19 09:31:06', '货到付款', '您的其他需求', '125', '南京农业大学', '是', '交易成功');
INSERT INTO `orders` VALUES ('56', '8', '2018-03-19 09:31:06', '网银付款', '您的其他需求', '430', '南京农业大学', '是', '卖家已发货');
INSERT INTO `orders` VALUES ('57', '9', '2018-03-19 09:31:06', '网银付款', '速度啊', '125', 'CHINA', '是', '交易成功');
INSERT INTO `orders` VALUES ('58', '9', '2018-03-19 09:31:06', '网银付款', '您的其他需求', '80', 'CHINA', '是', '卖家已发货');
INSERT INTO `orders` VALUES ('59', '9', '2018-03-19 09:31:06', '网银付款', '请包好哦', '112', 'CHINA', '是', '卖家已发货');

-- ----------------------------
-- Table structure for `ordersitem`
-- ----------------------------
DROP TABLE IF EXISTS `ordersitem`;
CREATE TABLE `ordersitem` (
  `id` int(11) NOT NULL AUTO_INCREMENT,
  `ordersid` int(11) NOT NULL,
  `flowerid` int(11) NOT NULL,
  `flowernum` int(11) NOT NULL,
  PRIMARY KEY (`id`),
  KEY `ordersItem_fk` (`ordersid`),
  KEY `ordersItem_fk2` (`flowerid`),
  CONSTRAINT `ordersItem_fk` FOREIGN KEY (`ordersid`) REFERENCES `orders` (`id`),
  CONSTRAINT `ordersItem_fk2` FOREIGN KEY (`flowerid`) REFERENCES `flower` (`flowerid`)
) ENGINE=InnoDB AUTO_INCREMENT=77 DEFAULT CHARSET=gbk;

-- ----------------------------
-- Records of ordersitem
-- ----------------------------
INSERT INTO `ordersitem` VALUES ('9', '6', '3', '100');
INSERT INTO `ordersitem` VALUES ('10', '7', '7', '1');
INSERT INTO `ordersitem` VALUES ('11', '8', '6', '5');
INSERT INTO `ordersitem` VALUES ('12', '9', '8', '1');
INSERT INTO `ordersitem` VALUES ('13', '10', '7', '1');
INSERT INTO `ordersitem` VALUES ('14', '11', '9', '1');
INSERT INTO `ordersitem` VALUES ('15', '12', '2', '3');
INSERT INTO `ordersitem` VALUES ('16', '13', '3', '100');
INSERT INTO `ordersitem` VALUES ('17', '14', '5', '100');
INSERT INTO `ordersitem` VALUES ('18', '15', '4', '100');
INSERT INTO `ordersitem` VALUES ('19', '15', '6', '1');
INSERT INTO `ordersitem` VALUES ('20', '16', '8', '1');
INSERT INTO `ordersitem` VALUES ('21', '17', '14', '2');
INSERT INTO `ordersitem` VALUES ('22', '18', '6', '1');
INSERT INTO `ordersitem` VALUES ('23', '19', '5', '200');
INSERT INTO `ordersitem` VALUES ('24', '20', '14', '6');
INSERT INTO `ordersitem` VALUES ('25', '21', '5', '199');
INSERT INTO `ordersitem` VALUES ('26', '22', '4', '100');
INSERT INTO `ordersitem` VALUES ('27', '22', '6', '3');
INSERT INTO `ordersitem` VALUES ('28', '22', '7', '2');
INSERT INTO `ordersitem` VALUES ('29', '23', '1', '7');
INSERT INTO `ordersitem` VALUES ('30', '23', '8', '50');
INSERT INTO `ordersitem` VALUES ('31', '23', '15', '20');
INSERT INTO `ordersitem` VALUES ('32', '24', '1', '7');
INSERT INTO `ordersitem` VALUES ('33', '24', '8', '50');
INSERT INTO `ordersitem` VALUES ('34', '24', '15', '20');
INSERT INTO `ordersitem` VALUES ('35', '25', '1', '7');
INSERT INTO `ordersitem` VALUES ('36', '25', '8', '50');
INSERT INTO `ordersitem` VALUES ('37', '25', '15', '20');
INSERT INTO `ordersitem` VALUES ('38', '26', '3', '199');
INSERT INTO `ordersitem` VALUES ('39', '26', '6', '5');
INSERT INTO `ordersitem` VALUES ('40', '27', '5', '100');
INSERT INTO `ordersitem` VALUES ('41', '28', '4', '100');
INSERT INTO `ordersitem` VALUES ('42', '29', '8', '2');
INSERT INTO `ordersitem` VALUES ('43', '30', '4', '100');
INSERT INTO `ordersitem` VALUES ('44', '31', '4', '100');
INSERT INTO `ordersitem` VALUES ('45', '32', '3', '100');
INSERT INTO `ordersitem` VALUES ('46', '33', '16', '100');
INSERT INTO `ordersitem` VALUES ('47', '34', '5', '100');
INSERT INTO `ordersitem` VALUES ('48', '35', '8', '2');
INSERT INTO `ordersitem` VALUES ('49', '36', '4', '100');
INSERT INTO `ordersitem` VALUES ('50', '37', '6', '1');
INSERT INTO `ordersitem` VALUES ('51', '38', '4', '100');
INSERT INTO `ordersitem` VALUES ('52', '38', '7', '1');
INSERT INTO `ordersitem` VALUES ('53', '39', '15', '20');
INSERT INTO `ordersitem` VALUES ('54', '40', '4', '100');
INSERT INTO `ordersitem` VALUES ('55', '41', '2', '2');
INSERT INTO `ordersitem` VALUES ('56', '42', '3', '100');
INSERT INTO `ordersitem` VALUES ('57', '43', '5', '100');
INSERT INTO `ordersitem` VALUES ('58', '44', '5', '101');
INSERT INTO `ordersitem` VALUES ('59', '45', '7', '1');
INSERT INTO `ordersitem` VALUES ('60', '46', '3', '100');
INSERT INTO `ordersitem` VALUES ('61', '47', '4', '100');
INSERT INTO `ordersitem` VALUES ('62', '47', '6', '1');
INSERT INTO `ordersitem` VALUES ('63', '48', '1', '5');
INSERT INTO `ordersitem` VALUES ('64', '48', '4', '100');
INSERT INTO `ordersitem` VALUES ('65', '49', '2', '2');
INSERT INTO `ordersitem` VALUES ('66', '50', '3', '3000');
INSERT INTO `ordersitem` VALUES ('67', '51', '3', '1000');
INSERT INTO `ordersitem` VALUES ('68', '52', '1', '5');
INSERT INTO `ordersitem` VALUES ('69', '53', '1', '5');
INSERT INTO `ordersitem` VALUES ('70', '54', '1', '5');
INSERT INTO `ordersitem` VALUES ('71', '55', '1', '5');
INSERT INTO `ordersitem` VALUES ('72', '56', '6', '5');
INSERT INTO `ordersitem` VALUES ('73', '57', '1', '5');
INSERT INTO `ordersitem` VALUES ('74', '58', '5', '100');
INSERT INTO `ordersitem` VALUES ('75', '59', '6', '1');
INSERT INTO `ordersitem` VALUES ('76', '59', '8', '1');

-- ----------------------------
-- Table structure for `restoreflower`
-- ----------------------------
DROP TABLE IF EXISTS `restoreflower`;
CREATE TABLE `restoreflower` (
  `id` int(11) NOT NULL AUTO_INCREMENT,
  `userid` int(11) NOT NULL,
  `flowerid` int(11) NOT NULL,
  `flowername` varchar(30) NOT NULL,
  `photo` varchar(50) NOT NULL,
  `flowerprice` double NOT NULL DEFAULT '0',
  `marketprice` double NOT NULL DEFAULT '0',
  `restoretime` datetime NOT NULL,
  PRIMARY KEY (`id`),
  KEY `restoreflower_fk` (`flowerid`),
  KEY `restoreflower_fk1` (`userid`),
  CONSTRAINT `restoreflower_fk` FOREIGN KEY (`flowerid`) REFERENCES `flower` (`flowerid`),
  CONSTRAINT `restoreflower_fk1` FOREIGN KEY (`userid`) REFERENCES `users` (`userid`)
) ENGINE=InnoDB AUTO_INCREMENT=39 DEFAULT CHARSET=gbk;

-- ----------------------------
-- Records of restoreflower
-- ----------------------------
INSERT INTO `restoreflower` VALUES ('18', '1', '2', '白洋兰', 'byl.jpg', '14', '18', '2018-03-19 09:31:06');
INSERT INTO `restoreflower` VALUES ('19', '1', '3', '粉黛', 'fd.jpg', '0.5', '1', '2018-03-19 09:31:06');
INSERT INTO `restoreflower` VALUES ('20', '1', '4', '热带草原', 'rdcy.jpg', '0.8', '1', '2018-03-19 09:31:06');
INSERT INTO `restoreflower` VALUES ('21', '1', '5', '阳光海岸', 'ygha.jpg', '0.8', '1', '2018-03-19 09:31:06');
INSERT INTO `restoreflower` VALUES ('22', '1', '6', '罗宾娜', 'lbn.jpg', '86', '88', '2018-03-19 09:31:06');
INSERT INTO `restoreflower` VALUES ('23', '1', '15', '香水百合', 'xsbh.jpg', '70', '73', '2018-03-19 09:31:06');
INSERT INTO `restoreflower` VALUES ('25', '1', '1', '卡罗拉红玫瑰', 'rose1.jpg', '25', '28', '2018-03-19 09:31:06');
INSERT INTO `restoreflower` VALUES ('26', '1', '7', '黄天霸', 'htb.jpg', '96', '98', '2018-03-19 09:31:06');
INSERT INTO `restoreflower` VALUES ('29', '1', '9', '影星', 'yx.jpg', '18', '20', '2018-03-19 09:31:06');
INSERT INTO `restoreflower` VALUES ('31', '2', '1', '卡罗拉红玫瑰', 'rose1.jpg', '25', '28', '2018-03-19 09:31:06');
INSERT INTO `restoreflower` VALUES ('32', '2', '2', '白洋兰', 'byl.jpg', '14', '18', '2018-03-19 09:31:06');
INSERT INTO `restoreflower` VALUES ('33', '2', '3', '粉黛', 'fd.jpg', '0.5', '1', '2018-03-19 09:31:06');
INSERT INTO `restoreflower` VALUES ('34', '2', '4', '热带草原', 'rdcy.jpg', '0.8', '1', '2018-03-19 09:31:06');
INSERT INTO `restoreflower` VALUES ('35', '2', '5', '阳光海岸', 'ygha.jpg', '0.8', '1', '2018-03-19 09:31:06');
INSERT INTO `restoreflower` VALUES ('36', '6', '1', '卡罗拉红玫瑰', 'rose1.jpg', '25', '28', '2018-03-19 09:31:06');
INSERT INTO `restoreflower` VALUES ('37', '9', '1', '卡罗拉红玫瑰', 'rose1.jpg', '25', '28', '2018-03-19 09:31:06');
INSERT INTO `restoreflower` VALUES ('38', '9', '6', '罗宾娜', 'lbn.jpg', '86', '88', '2018-03-19 09:31:06');

-- ----------------------------
-- Table structure for `soldflower`
-- ----------------------------
DROP TABLE IF EXISTS `soldflower`;
CREATE TABLE `soldflower` (
  `id` int(11) NOT NULL,
  `flowerid` int(11) NOT NULL,
  `flowername` varchar(30) NOT NULL,
  `reservetime` datetime NOT NULL,
  `soldnum` int(11) NOT NULL,
  PRIMARY KEY (`id`)
) ENGINE=InnoDB DEFAULT CHARSET=gbk;

-- ----------------------------
-- Records of soldflower
-- ----------------------------

-- ----------------------------
-- Table structure for `usermessage`
-- ----------------------------
DROP TABLE IF EXISTS `usermessage`;
CREATE TABLE `usermessage` (
  `id` int(11) NOT NULL AUTO_INCREMENT,
  `username` varchar(30) NOT NULL,
  `messagetime` datetime NOT NULL,
  `title` varchar(255) NOT NULL,
  `content` varchar(255) NOT NULL,
  `ischecked` enum('是','否') NOT NULL DEFAULT '否',
  PRIMARY KEY (`id`),
  KEY `usermessage_fk` (`username`),
  CONSTRAINT `usermessage_fk` FOREIGN KEY (`username`) REFERENCES `users` (`username`)
) ENGINE=InnoDB AUTO_INCREMENT=17 DEFAULT CHARSET=gbk;

-- ----------------------------
-- Records of usermessage
-- ----------------------------
INSERT INTO `usermessage` VALUES ('1', 'gaochengjun', '2018-03-19 09:31:06', '添加花卉', '你们可以再添加几种花卉!', '是');
INSERT INTO `usermessage` VALUES ('2', 'gaochengjun', '2018-03-19 09:31:06', '花卉太少啦', '你们的花卉太少啦，建议多添加点花卉!', '是');
INSERT INTO `usermessage` VALUES ('3', 'gaochengjun', '2018-03-19 09:31:06', '花卉', '花卉的种类有点少，建议多添加点', '是');
INSERT INTO `usermessage` VALUES ('4', 'gaochengjun', '2018-03-19 09:31:06', '你好', '你好，你们的服务挺好的!', '是');
INSERT INTO `usermessage` VALUES ('5', 'gaochengjun', '2018-03-19 09:31:06', '感谢', '感谢你们提供这么好的花卉，很及时', '是');
INSERT INTO `usermessage` VALUES ('6', 'gaochengjun', '2018-03-19 09:31:06', '添加功能', '可以添加对一点功能，这样会做的更好', '是');
INSERT INTO `usermessage` VALUES ('7', 'gaochengjun', '2018-03-19 09:31:06', '关于系统的评价', '这个系统的功能做的挺全的，不错！', '是');
INSERT INTO `usermessage` VALUES ('8', 'gaochengjun', '2018-03-19 09:31:06', '花卉评价', '你们家的非洲菊真心不错，下次还来!', '否');
INSERT INTO `usermessage` VALUES ('10', '小猪咕噜咕噜', '2018-03-19 09:31:06', '啦', '好', '否');
INSERT INTO `usermessage` VALUES ('11', 'gaochengjun', '2018-03-19 09:31:06', '你家的店铺设计不太合理啊', '      你家的店铺设计的真有点不合理，有待改进！', '否');
INSERT INTO `usermessage` VALUES ('12', 'gaochengjun', '2018-03-19 09:31:06', '你家的店铺', '你家的店铺  设计的不太合理，  有待改进哦！', '否');
INSERT INTO `usermessage` VALUES ('13', 'gaochengjun', '2018-03-19 09:31:06', '给你们点意见', '你们的店铺有待改进    啊  ！', '否');
INSERT INTO `usermessage` VALUES ('14', 'gaochengjun', '2018-03-19 09:31:06', '店铺评价', '总体来说还可以，细节应该在修改！', '否');
INSERT INTO `usermessage` VALUES ('15', 'gaochengjun', '2018-03-19 09:31:06', '关于你们的花卉', '今天来你们这里订了些花，拿到手之后感觉非常好，下次还来订!', '否');
INSERT INTO `usermessage` VALUES ('16', 'hellokitty', '2018-03-19 09:31:06', '不错的样子', '有评价、有推荐，总体不错。', '是');

-- ----------------------------
-- Table structure for `users`
-- ----------------------------
DROP TABLE IF EXISTS `users`;
CREATE TABLE `users` (
  `userid` int(11) NOT NULL AUTO_INCREMENT,
  `username` varchar(30) NOT NULL,
  `truename` varchar(30) NOT NULL,
  `sex` enum('男','女') NOT NULL DEFAULT '男',
  `passwd` varchar(30) NOT NULL,
  `email` varchar(30) NOT NULL,
  `phone` varchar(20) NOT NULL,
  `address` varchar(255) NOT NULL,
  `postcode` char(6) NOT NULL,
  `grade` int(11) NOT NULL DEFAULT '1',
  `score` int(11) NOT NULL DEFAULT '0',
  PRIMARY KEY (`userid`),
  UNIQUE KEY `username` (`username`)
) ENGINE=InnoDB AUTO_INCREMENT=10 DEFAULT CHARSET=gbk;

-- ----------------------------
-- Records of users
-- ----------------------------
INSERT INTO `users` VALUES ('1', 'gaochengjun', '高成俊', '男', '19310222', '19310222@njau.edu.cn', '15205184906', 'CHINA,BEIJING', '210095', '1', '0');
INSERT INTO `users` VALUES ('2', 'kaixinguo', '高俊', '男', '19310222', '1552300527@qq.com', '15205184906', 'CHINA,BEIJING', '210095', '1', '0');
INSERT INTO `users` VALUES ('3', 'chengjun', '高成俊', '男', '19310222', '19310222@njau.edu.cn', '15205184906', 'CHINA,BEIJING', '210095', '1', '0');
INSERT INTO `users` VALUES ('4', 'juncheng', '高成俊', '男', '19310222', '1552300@qq.com', '15078976544', 'CHINA,BEIJING', '210095', '1', '0');
INSERT INTO `users` VALUES ('5', 'gaojun', '高成俊', '男', '19310222', 'gaocj_@163.com', '15278965458', 'CHINA,BEIJING', '210095', '1', '0');
INSERT INTO `users` VALUES ('6', '小猪咕噜咕噜', '鱼', '女', '19930906ypy', '1910947529@qq.com', '15251885165', 'CHINA,BEIJING', '210095', '1', '0');
INSERT INTO `users` VALUES ('8', 'xiaojun', '高俊', '男', '19310222', '19310222@njau.edu.cn', '15298765432', 'CHINA,BEIJING', '210095', '1', '0');
INSERT INTO `users` VALUES ('9', 'hellokitty', '大脸猫', '女', '111111', 'hellokitty@qq.com', '13888888881', 'CHINA', '222222', '1', '0');
